{"cameraMode":{"drawMode":0,"name":"Shaded","section":"Shading Mode"},"sceneLighting":true,"audioPlay":false,"sceneViewState":{"m_AlwaysRefresh":false,"showFog":true,"showSkybox":true,"showFlares":true,"showImageEffects":true,"showParticleSystems":true,"showVisualEffectGraphs":true,"m_FxEnabled":true},"in2DMode":false,"pivot":{"x":1.497999906539917,"y":0.29399996995925906,"z":8.520000457763672},"rotation":{"x":0.16165602207183839,"y":-0.34423041343688967,"z":0.06029149144887924,"w":0.922915518283844},"size":6.3871989250183109,"orthographic":true}