{"cameraMode":{"drawMode":0,"name":"Shaded","section":"Shading Mode"},"sceneLighting":true,"audioPlay":false,"sceneViewState":{"m_AlwaysRefresh":false,"showFog":true,"showSkybox":true,"showFlares":true,"showImageEffects":true,"showParticleSystems":true,"showVisualEffectGraphs":true,"m_FxEnabled":true},"in2DMode":false,"pivot":{"x":67.2392807006836,"y":82.24319458007813,"z":-121.24571228027344},"rotation":{"x":0.23669791221618653,"y":-0.19231410324573518,"z":0.04785791411995888,"w":0.9511572122573853},"size":13.980242729187012,"orthographic":true}