{"cameraMode":{"drawMode":0,"name":"Shaded","section":"Shading Mode"},"sceneLighting":true,"audioPlay":false,"sceneViewState":{"m_AlwaysRefresh":false,"showFog":true,"showSkybox":true,"showFlares":true,"showImageEffects":true,"showParticleSystems":true,"showVisualEffectGraphs":true,"m_FxEnabled":true},"in2DMode":false,"pivot":{"x":169.72413635253907,"y":303.1497802734375,"z":-22.764808654785158},"rotation":{"x":0.2862617075443268,"y":0.021556105464696885,"z":-0.006441916339099407,"w":0.9578878283500671},"size":861.531982421875,"orthographic":true}