{"cameraMode":{"drawMode":0,"name":"Shaded","section":"Shading Mode"},"sceneLighting":true,"audioPlay":false,"sceneViewState":{"m_AlwaysRefresh":false,"showFog":true,"showSkybox":true,"showFlares":true,"showImageEffects":true,"showParticleSystems":true,"showVisualEffectGraphs":true,"m_FxEnabled":true},"in2DMode":false,"pivot":{"x":56.56621551513672,"y":79.08680725097656,"z":-132.03280639648438},"rotation":{"x":0.23669791221618653,"y":-0.19231410324573518,"z":0.04785791411995888,"w":0.9511572122573853},"size":7.623579978942871,"orthographic":true}